trip_id,date,route_name,departure_hour,passengers,occupancy_pct,delay_min,traffic_index
T000020,2026-06-01,Johar Town - Railway Station,8,32,80.0,24.3,0.937
T000003,2026-06-01,Green Town - Cantt Station,9,60,100.0,15.3,0.929
T000021,2026-06-01,Johar Town - Railway Station,9,50,100.0,24.7,0.924
T000285,2026-06-04,Green Town - Cantt Station,8,60,100.0,6.0,0.763
T000401,2026-06-05,Johar Town - Railway Station,8,45,75.0,24.3,0.99
T000402,2026-06-05,Johar Town - Railway Station,9,53,88.3,21.3,0.957
T000391,2026-06-05,Green Town - Cantt Station,18,50,100.0,26.7,0.929
T000663,2026-06-07,Township - Kalma Chowk,5,4,8.0,-1.3,0.17
T000778,2026-06-09,Green Town - Cantt Station,19,43,71.7,0.3,0.273
T000885,2026-06-10,Johar Town - Railway Station,17,58,96.7,17.9,0.834
T000897,2026-06-10,Gulberg - Mall Road,18,54,90.0,5.8,0.85
T000963,2026-06-11,Green Town - Cantt Station,9,60,100.0,8.2,0.754
T000982,2026-06-11,Model Town - Liberty Market,19,39,78.0,-0.1,0.335
T001090,2026-06-12,Johar Town - Railway Station,9,56,93.3,18.9,0.982
T001074,2026-06-12,Green Town - Cantt Station,17,47,94.0,22.5,0.933
T001374,2026-06-15,Green Town - Cantt Station,8,50,100.0,20.5,0.914
T001380,2026-06-15,Green Town - Cantt Station,18,49,98.0,18.6,0.986
T001501,2026-06-16,Johar Town - Railway Station,8,42,70.0,26.6,0.971
T001491,2026-06-16,Model Town - Liberty Market,9,57,95.0,14.8,0.975
T001505,2026-06-16,Johar Town - Railway Station,17,56,93.3,21.2,0.956
T001487,2026-06-16,Green Town - Cantt Station,18,50,100.0,22.1,0.925
T001598,2026-06-17,Johar Town - Railway Station,9,60,100.0,11.1,0.785
T001690,2026-06-18,Green Town - Cantt Station,19,50,83.3,6.1,0.322
T001956,2026-06-20,Township - Kalma Chowk,5,3,7.5,-3.0,0.164
T002086,2026-06-22,Johar Town - Railway Station,18,59,98.3,9.8,0.828
T002207,2026-06-23,Iqbal Town - Anarkali,9,60,100.0,7.4,0.808
T002257,2026-06-24,Green Town - Cantt Station,9,60,100.0,9.3,0.825
T002258,2026-06-24,Green Town - Cantt Station,10,43,71.7,2.6,0.346
T002414,2026-06-25,Iqbal Town - Anarkali,17,57,95.0,7.1,0.752
T002777,2026-06-29,Green Town - Cantt Station,8,44,88.0,24.0,0.957
T002778,2026-06-29,Green Town - Cantt Station,9,60,100.0,19.0,0.991
T002883,2026-06-30,Green Town - Cantt Station,8,58,96.7,9.0,0.768
T003095,2026-07-02,Green Town - Cantt Station,8,60,100.0,7.2,0.767
T003144,2026-07-02,Iqbal Town - Anarkali,10,37,74.0,-1.1,0.336
T003102,2026-07-02,Green Town - Cantt Station,19,50,83.3,6.5,0.296
T003225,2026-07-03,Johar Town - Railway Station,18,58,96.7,20.5,0.902
T003559,2026-07-06,Iqbal Town - Anarkali,9,58,96.7,10.2,0.779
T003615,2026-07-07,Model Town - Liberty Market,8,50,100.0,6.7,0.842
T003748,2026-07-08,Iqbal Town - Anarkali,9,58,96.7,8.5,0.751
T003810,2026-07-09,Model Town - Liberty Market,9,50,100.0,19.8,0.924
T003806,2026-07-09,Green Town - Cantt Station,18,47,94.0,23.8,0.919
T004399,2026-07-15,Green Town - Cantt Station,17,60,100.0,9.7,0.826
T004587,2026-07-17,Green Town - Cantt Station,18,60,100.0,9.5,0.8
T004599,2026-07-17,Model Town - Liberty Market,18,60,100.0,21.1,0.788
T004891,2026-07-20,Green Town - Cantt Station,15,44,73.3,1.1,0.277
T004902,2026-07-20,Model Town - Liberty Market,17,60,100.0,10.4,0.814
T004979,2026-07-21,Green Town - Cantt Station,8,46,92.0,23.1,0.974
T004980,2026-07-21,Green Town - Cantt Station,9,60,100.0,21.6,0.943
T004987,2026-07-21,Green Town - Cantt Station,18,60,100.0,21.7,0.916
T005214,2026-07-23,Gulberg - Mall Road,9,48,96.0,9.7,0.956
T005283,2026-07-24,Green Town - Cantt Station,8,60,100.0,9.3,0.838
T005391,2026-07-25,Green Town - Cantt Station,9,55,91.7,4.4,0.63
T005582,2026-07-27,Green Town - Cantt Station,9,50,100.0,21.6,0.991
T005585,2026-07-27,Green Town - Cantt Station,18,48,96.0,24.3,0.953
T005687,2026-07-28,Green Town - Cantt Station,8,58,96.7,13.8,0.956
T005764,2026-07-28,Bahria Town - Ferozepur Road,8,17,34.0,24.1,0.984
T005688,2026-07-28,Green Town - Cantt Station,9,53,88.3,20.4,0.928
T005711,2026-07-28,Johar Town - Railway Station,17,39,78.0,24.8,0.956
T005694,2026-07-28,Green Town - Cantt Station,18,58,96.7,11.2,0.958
T005802,2026-07-29,Johar Town - Railway Station,17,58,96.7,16.7,0.846
T005883,2026-07-30,Green Town - Cantt Station,9,50,100.0,21.7,0.972
T005907,2026-07-30,Johar Town - Railway Station,17,58,96.7,20.5,0.98
T006012,2026-07-31,Johar Town - Railway Station,18,49,98.0,20.7,0.917
T006487,2026-08-05,Green Town - Cantt Station,8,56,93.3,4.0,0.793
T006603,2026-08-06,Green Town - Cantt Station,17,60,100.0,0.9,0.824
T006864,2026-08-08,Wapda Town - Thokar Niaz Baig,21,4,10.0,-2.3,0.171
T006897,2026-08-08,Township - Kalma Chowk,21,4,10.0,-2.2,0.137
T006898,2026-08-09,Green Town - Cantt Station,7,30,60.0,-3.0,0.113
T007120,2026-08-11,Johar Town - Railway Station,9,35,87.5,23.4,0.958
T007101,2026-08-11,Green Town - Cantt Station,17,46,92.0,23.2,0.91
T007252,2026-08-12,Iqbal Town - Anarkali,17,44,73.3,24.0,0.981
T007492,2026-08-14,Township - Kalma Chowk,5,3,6.0,-0.2,0.123
T007707,2026-08-17,Green Town - Cantt Station,9,60,100.0,7.0,0.827
T007717,2026-08-17,Model Town - Liberty Market,9,60,100.0,18.5,0.7975000000000001
T007712,2026-08-17,Green Town - Cantt Station,18,60,100.0,9.3,0.756
T007882,2026-08-18,Bahria Town - Ferozepur Road,5,3,6.0,18.7,0.331
T007807,2026-08-18,Green Town - Cantt Station,8,51,85.0,23.8,0.844
T007813,2026-08-18,Green Town - Cantt Station,18,60,100.0,6.9,0.809
T007912,2026-08-19,Green Town - Cantt Station,19,56,93.3,7.7,0.309
T008003,2026-08-20,Green Town - Cantt Station,9,60,100.0,17.2,0.833
T008098,2026-08-21,Green Town - Cantt Station,9,60,100.0,8.0,0.791
T008099,2026-08-21,Green Town - Cantt Station,10,49,81.7,1.2,0.257
T008218,2026-08-22,Johar Town - Railway Station,5,4,10.0,19.2,0.134
T008404,2026-08-24,Green Town - Cantt Station,9,60,100.0,17.5,0.778
T008598,2026-08-26,Green Town - Cantt Station,10,39,78.0,0.4,0.26
T008601,2026-08-26,Green Town - Cantt Station,16,42,70.0,0.2,0.296
T008799,2026-08-28,Green Town - Cantt Station,8,60,100.0,8.5,0.802
T008801,2026-08-28,Green Town - Cantt Station,10,46,76.7,1.6,0.253
