route_name,avg_pax,avg_occ,avg_delay,rev_per_trip,distance,cluster
Bahria Town - Ferozepur Road,13.82,29.0,11.06,1381.76,18.0,0
DHA - Cantt Station,19.74,39.63,9.59,1382.09,12.0,0
Green Town - Cantt Station,31.72,60.25,10.51,2537.26,14.0,1
Gulberg - Mall Road,22.8,45.17,9.84,1139.9,7.0,0
Iqbal Town - Anarkali,25.82,46.73,9.88,1678.45,11.0,0
Johar Town - Railway Station,27.24,55.19,11.76,2451.36,16.5,1
Model Town - Liberty Market,25.34,50.85,9.41,1520.2,9.5,0
Samanabad - Data Darbar,19.25,38.21,9.58,866.07,6.5,0
Township - Kalma Chowk,15.78,35.33,8.15,946.77,10.0,0
Wapda Town - Thokar Niaz Baig,15.35,33.91,10.85,844.13,8.5,0
