bus_id,capacity,bus_age_years,route_id
B001,50,12,R01
B002,50,6,R01
B003,60,2,R01
B004,50,10,R01
B005,40,8,R02
B006,60,9,R02
B007,50,2,R02
B008,50,4,R02
B009,40,10,R03
B010,50,10,R03
B011,50,6,R03
B012,60,10,R03
B013,50,11,R04
B014,60,5,R04
B015,50,11,R04
B016,40,4,R04
B017,50,3,R05
B018,40,9,R05
B019,60,8,R05
B020,50,2,R05
B021,50,10,R06
B022,50,3,R06
B023,60,10,R06
B024,60,1,R06
B025,50,10,R07
B026,40,10,R07
B027,50,10,R07
B028,40,8,R07
B029,40,6,R08
B030,50,9,R08
B031,50,4,R08
B032,60,10,R08
B033,50,7,R09
B034,50,6,R09
B035,50,7,R09
B036,40,7,R09
B037,40,1,R10
B038,50,2,R10
B039,40,3,R10
B040,50,2,R10
